Filename,Sanat
,
sandstorm,"Du du du du duu,
Duu du du du du duu,
..."
skrillexin_mökkitie,"Mö mö mö mökki mökki mökki mökki mökkitie
Mö mö mö mökki mökki mökki mökki mökkitie
Mö mö mö mökki mökki mökki mökki mökkitie "
pohjois_karjalaan,"Minä halusin tavata Annelin
sillä tiesin sen minua vielä etsivän
eihän elämä paljoa antanut
sateenkaari päättyi nakkikioskille
ravintolapöytään oksentaville naurettiin

Dam-dididam-dididam-dididamdamdamdam-dam
Dididam-dididam-dididamdamdamdam-dam

Minä lähden Pohjois-Karjalaan
vaihdan farkut verkkarihousuun
kotiseudulle Pohjois-Karjalaan
juon kaljaa auringon nousuun

Sivukujilla elämän kulkien
toivon onneni jostain vielä löytyvän
enhän minäkään liikoja vaatisi
jotakin jolla tarjoaisin illan
elatusmaksut lottokupongilla kuittaisin

Dam-dididam-dididam-dididamdamdamdam-dam
Dididam-dididam-dididamdamdamdam-dam

Minä lähden...

Vaikka elämän sävelen hukkasin
oman onneni sirpaleita säilytän
sillä sinua kaltoin jos kohtelin
olisin voinut vaikeampi olla
yritin silti aina sovinnolla kuitenkin

Dam-dididam-dididam-dididamdamdamdam-dam
Dam-dididam-dididam-dididamdamdamdam-dam

Minä lähden...
Minä lähden...

Tyttöni Pohjois-Karjalan

"
all_star,"Somebody once told me the world is gonna roll me
I ain't the sharpest tool in the shed
She was looking kind of dumb with her finger and her thumb
In the shape of an ""L"" on her forehead

Well the years start coming and they don't stop coming
Fed to the rules and I hit the ground running
Didn't make sense not to live for fun
Your brain gets smart but your head gets dumb
So much to do, so much to see
So what's wrong with taking the back streets?
You'll never know if you don't go
You'll never shine if you don't glow

Hey now, you're an all-star...

It's a cool place and they say it gets colder
You're bundled up now, wait till you get older
But the meteor men beg to differ
Judging by the hole in the satellite picture
The ice we skate is getting pretty thin
The water's getting warm so you might as well swim
My world's on fire, how about yours?
That's the way I like it and I never get bored

Hey now, you're an all-star...

Hey now, you're an all-star...

"
tieto_-_value_for_life,"No option for Duality,
The old is where we come,
Clock speed is fast but we'll survive,
The new will overcome

We are challengers, not followers,
We take the ball to build,
Easy, safe services are here to stay

Value for society,
Value for life,
For you and me,
Tieto is here alright

Real heros are the ones,
who keep us safe,
Life without worries or hate,
You and me in safe place

Analytics, machine learning, security needs,
Start-up culture, everywhere,
Winners take it all

Value for society...

Smart city is the place,
to get a happy life,
Young and old, everybody,
Healthy active life

Soon buildings think themselves,
Cars drive on their own,
Robots help us everywhere,
It's coming to your door

SOTE reform, new counties,
Citizen at the center,
Digital is the way,
better outcomes for all

Empathy respectfully,
customers and us,
Experience quides our way,
Emotions find the best

Value for society..."
a_finnish_drinking_song,Now
viinaa_vetta,"Viinaa, vettä
-mitä perkelettä?
Viinaa, raakaa,
napaan kaatakaa,
Napaan kaatakaa!

Brännvin, vatten
smakar skit som katten.
Brännvin, helt rått,
smakar jävligt gott!
Smakar jävligt gott!"
nocturne,"Ruislinnun laulu korvissani,
tähkäpäiden päällä täysi kuu;
kesäyön on onni omanani,
kaskisavuun laaksot verhouu.
En ma iloitse, en sure, huokaa;
mutta metsän tummuus mulle tuokaa,
puunto pilven, johon päivä hukkuu,
siinto vaaran tuulisen, mi nukkuu,
tuoksut vanamon ja varjon veen;
niistä sydämeni laulun teen.

Sulle laulan neiti, kesäheinä,
sydämeni suuri hiljaisuus,
uskontoni, soipa säveleinä,
tammenlehvä-seppel vehryt, uus.
En ma enää aja virvatulta,
omani on Hiiden vuoren kulta;
pienentyy mun ympär' elon piiri;
aika seisoo, nukkuu tuuliviiri;
edessäni hämäräinen tie
tuntemattomahan tupaan vie."
kun_mä_kuolen,":,: Kun mä kuolen vanhan piippuni sä saat. :,:
Noilla taivaan kessumailla en oo piippuani vailla.
Kun mä kuolen vanhan piippuni sä saat.

...sateenvarjoni sä saat...
Sillä onhan selvää, että pilven pääll' ei sada vettä.
Kun mä kuolen sateenvarjoni sä saat.

...vanhan heilani sä saat...
Sen voin jättää ihanuuden, kun saan enkelistä uuden.
Kun mä kuolen vanhan heilani sä saat.

...vanhat kalossini saat...
Taivaassa on hyvät kelit, monenlaiset ajopelit.
Kun mä kuolen vanhat kalossini saat.

...vanhan hetekani saat...
Sen kun pääsen natinasta, olen onnellinen vasta.
Kun mä kuolen vanhan hetekani saat.

...vanhan anoppini saat...
Sen, kun pääsen narinasta, olen onnellinen vasta.
Kun mä kuolen vanhan anoppini saat.

...vanhan kitarani saat...
Taivahassa, hyvä veli, pasuuna on muotipeli
Kun mä kuolen vanhan kitarani saat.

...partasutini sä saat...
Enkeleill' on partasuti, joka sanoo kitikuti.
Kun mä kuolen partasutini sä saat.

...vanhan pottanikin saat...
Taivaassa ei tarvis säästää, sen kuin pilven päältä päästää.
Kun mä kuolen vanhan pottanikin saat.

...vessapaperini saat...
Sil taivaass' ei tuu kakkaa, siellä aineenvaihto lakkaa.
Kun mä kuolen vessapaperini saat.

...taskumattini sä saat...
Sillä taivaassa kun juodaan, siellä ämpärillä tuodaan.
Kun mä kuolen taskumattini sä saat.

...snapsilasini sä saat...
Sillä taivaan kapakoissa snapsit tuodaan kolpakoista.
Kun mä kuolen snapsilasini sä saat.

...pullo arkkuun laittakaa...
Sillä elo ilman viinaa ompi taivaassakin piinaa.
Kun mä kuolen arkkuun pullo laittakaa.

...asekätköni sä saat...
Se on tuolla ladon alla, kolmas kivi vasemmalta.
Kun mä kuolen asekätköni sä saat.

...taxamittarini saat...
Sillä taivaass' ei oo taxaa, enkeleill' ei tarvii maksaa
Kun mä kuolen taxamittarini saat.

...vanhan puukkoni sä saat...
Sillä enkeleill' on nixi, heiltä puuttuu appendixi.
Kun mä kuolen vanhan puukkoni sä saat.

...tuttipulloni sä saat...
Sillä rintamaito varmaan riittää päällä pilven harmaan.
Kun mä kuolen tuttipulloni sä saat.

...umpisuoleni sä saat...
Leikkaamatta jäis' se muuten, taivaass' kirurgeist' on puute.
Kun mä kuolen umpisuoleni sä saat.

...peräsuoleni sä saat...
Sillä ääntä aivan toista lähtee taivaan pasuunoista.
Kun mä kuolen peräsuoleni sä saat.

...virtsarakkoni sä saat...
Taivaan olutta voi juoda, eikä rakko yli vuoda
Kun mä kuolen virtsarakkoni sä saat.

...rintaliivini sä saat...
Sillä rinnat taivahaiset eivät riipu niinkuin maiset.
Kun mä kuolen rintaliivini sä saat.

...Kun mä kuolen varmuusesineeni saat...
Sillä taivaassa ei panna, koska enkelit ei anna.
Kun mä kuolen varmuusesineeni saat.

...e-pillerini saat...
Sillä taivaass' ei oo vaaraa vaikka kuinka panet Saaraa.
Kun mä kuolen e-pillerini saat.

...laskutikkuni sä saat...
Einstein tähtein tuolla puolen pitää laskuistani huolen.
Kun mä kuolen laskutikkuni sä saat.

...anorakkini sä saat...
Taivaass' ollaan kehä päällä eikä huppu niin kuin täällä.
Kun mä kuolen anorakkini sä saat.

...hiihtohousuni sä saat...
Taivass' niit' en jalkaan laita, siellä riittää pelkkä paita.
Kun mä kuolen hiihtohousuni sä saat.

...hiihtorukkaseni saat...
Treenaan harpun soittamista - kiusa siinä rukkasista.
Kun mä kuolen hiihtorukkaseni saat.

...banjoni sä saat...
Jos sä ostat mulle arkun, ett' saan taivaass' uuden harpun.
Kun mä kuolen vanhan banjoni sä saat.

...korttipakkani sä saat...
Sillä enkelit ei rokkaa, eikä myöskään pelaa pokkaa.
Kun mä kuolen korttipakkani sä saat.

...kaikki tupakkani saat...
Sillä luona taivaan portin tarjoo Pietar' mulle nortin.
Kun mä kuolen kaikki tupakkani saat.

...vanhat kalsarini saat...
Kun sä katsot niitä tarkkaan näet niistä monta karttaa.
Kun mä kuolen vanhat kalsarini saat.

...vanhat pihtini sä saat...
Sillä taivahassa voidaan pinseteillä ekstrahoida.
Kun mä kuolen vanhat pihtini sä saat.

...paljon leikata kai saan...
Taivaan isä pitää huolen, potilaat ei käsiin kuole.
Kun mä kuolen paljon leikata kai saan.

...antibioottini saat...
Taivaass' bakteerit ei idä, peljätä ei niitä pidä.
Kun mä kuolen antibioottini saat.

...punalippuni sä saat...
Vaikka porvarina elin taivaassa oottaa Lenin.
Kun mä kuolen punalippuni sä saat.

:,: Vi blir alla kommunister när vi dör :,:
För i stora himmelsalen sjunges Internationalen.
Vi blir alla kommunister när vi dör.

:,: Du skall få min gamla cyckel när jag dör. :,:
Ty den sista kilometern kör jag tandem med St. Peter.
Du skall få min gamla cyckel när jag dör.

:,: Du skall få min Simpsons regel när jag dör. :,:
För i himlen Sankte Peter blott använder planimeter.
Du skall få min Simpsons regel när jag dör.

:,: Du skall få min dubbla botten när jag dör. :,:
När mot himlens port jag vankar, går jag helt med andra tankar.
Du skall få min dubbla botten när jag dör.

:,: Sunda barn kan alltid ta ännu en tår. :,:
Må vårt sundhet alltid stråla, må vi alltid kunna SKÅLa.
Sunda barn kan alltid ta ännu en tår.

:,: Gute Kinder trinken immer bissel mehr. :,:
Es kann nie genug empfohlen werden noch einmal zu SKÅLen.
Gute Kinder trinken immer bissel mehr.

:,: Healthy babies always drink a little more. :,:
It's a vital instinct calling every time we find us SKÅLing.
Healthy babies always drink a little more.

:,: Sing it hai hai, juppi juppi hai, :,:
Sing it hai hai, juppi juppi, hai hai, juppi juppi,
Hai hai, juppi juppi hai."
sisään,"(Kop, kop, kop)
Sisään!

(Kop, kop, kop)
Seuraava!"
leppätalo,"On meillä hauska talo, se Leppätalo on.
Kun design-tuoli katoaa, on huuto armoton.
Kas näin saapuu lasku, ja lasku saapuu näin,
Kas näin saapuu lasku, ja lasku saapuu näin.

On meillä hauska talo, se Leppätalo on.
Kun Moodi tulee klurrelle on meno hulvaton.
Kas näin heiluu hanska, ja hanska heiluu näin...

On meillä hauska talo, se Leppätalo on.
Jos kylteri pyrkii sisälle, jo ovi rikki on.
Kas näin lentää tuhkis, ja tuhkis lentää näin...

On meillä hauska talo, se Leppätalo on.
Kun Tekis kutsuu TTY:n, on meno onneton.
Kas näin lähtee Urho, kas Urho lähtee näin..."
snapsien_kaveri,"Ystävä sä snapsien,
kaada lasiin pienehen.
Minne käynkin maailmassa,
siellä olen humalassa.
Seuran taso vaihtelee,
känni silloin suojelee."
murheellisten_bittien_maa,"Syyttömänä saapumaan sattui hän
tähän Klurreen omituiseen ja pimeään
jossa jo tuutorit, juovuksissa totta kai
hakkasivat Urho Karhun jos sen kiinni sai

Perinteisen nörtin kohtalon
halus välttää fuksi tuo
en koskaan ota vastuuta
enkä koskaan 'kultaa juo muuten
juon kassan

Aurajoki kutsuu TKO-älyä keväisin
vaan en tahdo tehdä koskaan lailla jäärän
mut kun Meego-koodaajana työtä ei saa
hälle Eficoden koura juottaa väkijuomaa

Niin Annajuhani Lantto taas herää henkiin
ja tuutorin elkeet tarttuvat fuksiin
kohti laukkaa, Idan saunaa

Se Mahnun epätoivoon ajaa
kun viskipullon korkkaa
keskeltä kylmän koodin hiljaa
kylmä virhe tuijottaa
kun poikkeus kohoaa

Keskeltä bugien, pk-tölkkien
aktiivit synkeinä etsivät kenkiään
Koodiorjuus, viina, Mäkkärin porttikielto
B-rapun kamera ja viimeinen erhe

Tämä tuhansien murheellisten bittien maa
jonka Alina-pantit voi menettää
Katajainen Tekis jonka taksilaskun määrää
ei mittaa järki,
eikä Esko määrää
jonka koodista puuttuvat
ne suunnittelumallit
ja poissa pysyvät opintopisteet
koodaajan epätoivosta
ne kertovat."
de_brevitae_vitae,"Post iuacundam iuventutem, 
post molestam senectutem 
Nos habebit humus, nos habebit humus!

:,: Vivat academia, vivant professores! :,:
Vivant membrum quodlibet, 
vivant membra quaelibet, 
Semper sint in flore, semper sint in flore!

:,: Vivant omnes virgines, graciles formosae! :,:
Vivant et mulieres, 
tenerae, amabiles
:,: bonae laboriosae! :,:"
vit_vecka,"Jag drömmer om en vit vecka.
Sju dagar utan alkohol.
Tänk att bara skåla
i juice och cola
och sedan minnas allt man gjort.

Jag drömmer om en vit vecka,
det finns en gräns för vad jag tål.
Jag vill inte drick
mera sprit
så låt nästä vecka vara vit."
viidestoista_vuosi,"Silmissäni orpo katse lapsen eksyneen.
Taas reputin ja sehän vihloo rintaa.
Käy proffat päälle lailla pommikonelaivueen
jos kysyn armolisäpisteen hintaa.

Viidestoista vuosi alkaa peruskursseineen.
On lukeminen kai jo aivan turhaa.
Enää jaksa uskoa en valmistumiseen
kun alan harkita jo itsemurhaa.
Viidestoista vuosi saapuu peruskursseineen
taas huomaan kaiken tiedon unohtuneen.
Jää konseptini valkeaksi, siniruutuinen
kun vaivun jälleen kesken tentin uneen.

Taas nukun tenttisalissa 
ja samaa unta nään:
kuin hullu huudan tutkintoni perään.
Pää konseptiin kun painuu, 
reputan myös tentin tään.
Se pian ohi on,
taas liian myöhään herään."
hell_and_gore,"Hell and gore,
shun gop, Father Allan, lallen lay.
Hell and gore,
shun gop, Father Allan lay.
Oh, handsome in the Hell and tar,
hand, ay Hell are half and four.
Hell and gore -
Shun gop, Father Allan lay!"
lapsuuden_toverille,"Sä kasvoit, neito kaunoinen,
isäsi majassa,
:,: kuin kukka kaunis, suloinen
vihreellä nurmella. :,:

Lapsuutes ajan hellimmän
sä leikit kanssani,
:,: ja olit paras ystävän'
ja ainoo iloni. :,:

Maailma sitten vieroitti
pois meidät toisistaan,
:,: vaan sua, armas iäti,
ma muistan ainiaan. :,:"
luonnontieteilijän_uni,"Joka ilta kun fyysikko sammuu,
ja saapuu viimeinkin yö,
myös matemaatikko horjuu,
ja nyrkillä pöytään lyö;
""Voi tuokaa mulle juomaa,
en tahdo mä luovuttaa!""
Vaan kohta voimat loppuu
ja hän tuolilta tipahtaa.

Taas aamulla harmaa arki,
nyt juhlasta voiton vie,
ja kaksikkomme huokaa;
""Missä hitossa Buranaa lie?""
Vaikka linnut karjuvat puissa,
olut oloa helpottaa,
ja ehkä jo viikon päästä,
voimme juhlia uudestaan."
rakenteisiin_asti,"Viinaa tulvillaan on vujulaisen pää
se aistit sumentaa ja laatat lennättää
Jalat kanna ei, ja puhe sammaltaa,
ja kohta jatkopaikan sohvan päälle oksentaa

HEI

Sohvalle, sohvalle, ei saa oksentaa,
verhoilujen läpi kahviavec uppoaa
Rakenteet, rakenteet, niihin imeytyy
neste vatsahappoinen - se juhlinnan on syy

On sohva hieman vanha, ja tuoksu puistattaa,
siis uudenveroisena voi siitä laskuttaa

Sohvalle, sohvalle, ei saa oksentaa,
rakenteisiin asti vatsahapot uppoaa
Korvausta, korvausta, toki vaaditaan
kusetetaan hieman laskua kun laaditaan!"
vi_ska_dricka_hela_natten,"Vi ska dricka hela natten alkohol,
vi ska dricka hela natten alkohol,
vi ska dricka hela natten,
vi ska inte dricka vatten,
vi ska dricka hela natten alkohol!"
koska_meitä_käsketään,"Koska meitä käsketään,
ahkerasti ryyppäämään,
ettei hampaat ravistuisi,
kyytipoika hermostuisi,
niin me kaiken ikämme,
ahkerasti ryyppäämme."
felix,"Felix, felix, felix! 
Herkkuja ruokapöytään."
niin_minä_neitonen_sinulle_laulan,":,: Niin minä, neitonen, sinulle laulan
kuin omalle kullalleni :,:
:,: Jos olis valtaa, niin kuin on mieli,
niin ottaisin omakseni :,:

:,: Kullalleni minä laulelen
ja kellekäs minä muille :,:
:,: En minä laula kallioille,
enkä metsän puille :,:

:,: Vaan minä olen kuin taivaan lintu,
ei ole mulla majaa. :,:
:,: Ei ole mulla ystävää,
ei ole lohduttajaa. :,:"
rosvo_roope,"Jos täytätte mun lasini
niin tahdon kertoa
tään surullisen tarinan
joll' ei oo vertoa
Se on laulu merirosvosta
Roope nimeltään
joka sydämiä särki
missä joutui kiertämään.

Hän kaunis oli kasvoiltaan ja nuori iältään
ja opetuksen saanut oli
omalta isältään
Mutt' tyttö jota lempi
hän oli petturi
Ja siksi tuli Roopesta
nyt julma ryöväri.

Viel' Itämeren rannikot ne Roopen muistavat
Ja naiset Pietarinkin vielä päätään puistavat
Ja Suomenlahden kaupungit
tuns' Roope ryövärin
Ja suuri oli pelko
vielä Kokkolassakin.

Ei neito Viron rannikon
unhoita milloinkaan
kun Rosvo-Roopen kanssa hän joutui kapakkaan
He söivät mitä saivat
ja joivat tuutingin
ja tyttö poltti sydämens'
mutt' Roope sikarin.

Ei tiennyt impi Oolannin
kuink' oli laitansa
kun Rosvo-Roope pestäväks' vei
hälle paitansa
Yks' nappi oli irti, hän ompeli sen kiinn'
ja samalla hän ompeli myös sydämensä siin'.

Sai Roope viimein palkkansa
hän on nyt Suomessa
Ja jossain jokivarressa lie lossivahtina
Hän lesken eessä nöyrtyi
ja joutui naimisiin
Ja sillä lailla Rosvo-Roope hiljaa hirtettiin."
skumppaa_punkun_kaa,"Krapula on jo ohi kohta,
joten skippaa se kotisohva
Myöhemminkin ehtii lepää
nyt voi kaksin käsin vetää
Ihan näätää jäädä hyytyyn
Tai painaa päätä tyynyyn
Mennää täysii, kone käyntiin
SKUMPPAA PUNKUN KAA!

Ei jäädä simaa kupittaa
Joten hei juodaan mitä huvittaa
:,: Missä nähään, mis on tänää
Skumppaa punkun kaa :,:

Hyvää Mummii etsimässä
Ja se kumotaan heti tässä
Hyvät pohjat on ku ässä hihas
Joten sammun tässä pihas
Mummi sinkoo sinne tänne
Tai viel vaik pidemmälle
Nyt tuopit täyteen
Tyhjäks, täyteen
SKUMPPAA PUNKUN KAA!

Ei jäädä simaa kupittaa..."
no_onkos_tullut_kesä,"No onkos tullut kesä,
nyt talven keskelle.
:,: Ja laitetaankos pesä
nyt pikkulinnuille? :,:

Jo kuusi kynttilöitä
on käynyt kukkimaan.
:,: Ja pimeitä talven öitä
nyt ehkä valaistaan. :,:

Ja vanhakin nyt nuortuu,
kuin lapsi leikkimään.
:,: Ja koukkuselkä suortuu,
nyt kaikk' on mielissään. :,:

Ja hyvä lämmin hellä,
nyt mieli jokaisen.
:,: Nyt jospa ihmisellä,
ois juhla ainainen! :,:"
henkilokunta,":,: Henkilökuntaa, henkilökuntaa, parlevuu. :,:
Henkilökuntaa, henkilökuntaa,
henkilökuntaa, henkilökuntaa.
:,: Henkilökuntaa parlevuu. :,:
 
Lissää viinaa...
Konjakki ois poikaa...
Kaljakin kelpaa...
Fuksit kuolee...
Vanhat jaksaa...
TKO-äly maksaa..."
muinaisten_valssi,"Saimaan saaressa pikkuinen torppa,
uhraa portailla kultisti Miikkulainen,
mutta pintaan ei nouse kuin norppa,
on pettymys melkoinen.
Aallon alla se suunnisti kutsujan luo,
sille tuttua tutumpi on messu tuo.
Laulu kertoo näin mitä on yksin kun jää,
hyvin hylje sen ymmärtää.

Uhrata enää ei Cthulhulle päitä,
maailma modernisoitunut on.
Muinaisjäänteitä viiksekkäitä,
mies sekä hylje kumpikin on.

Saimaan saaressa pikkuinen torppa,
sinne muinaisten kulttinsa tahtonut ei.
Yksin kultisti jäi kuten norppa,
myös sen mestarin kohtalo vei.
Suuri Saimaa mut sata on hylkeitä vaan,
kohta jäljellä ei ehkä ainuttakaan.
Uhriveistänsä teroittaa Miikkulainen,
aatos mieleessään hirmuinen.

Uhrata enää ei Cthulhulle päitä,
maailma modernisoitunut on.
Muinaisjäänteitä viiksekkäitä,
mies sekä hylje kumpikin on.

Saimaan saaressa pikkuinen torppa,
karjuu loitsuja kultisti Miikkulainen.
Uhrikivellä hengetön norppa,
makaa hiljalleen kylmentyen.
Suuri Saimaa ja alta sen lainehien,
nousee kauhu niin vanha ja lonkeroinen.
Niin on kohtalo norpan kuin Miikkulaisen,
olla sukunsa viimeinen.

Viimeinkin uhrataan Cthulhulle päitä,
maailmaan palannut muinainen on.
Lounaaksi syötyjä pölkkypäitä
mies sekä hylje kumpikin on."
kansainvälinen,"Työn orjat sorron yöstä nouskaa,
maan ääriin kuuluu kutsumus
Nyt ryskyin murtuu pakko valta,
tää on viime ponnistus.
Pohja vanhan järjestyksen horjuu.
Orjajoukko taistohon!
Alas lyökää koko vanha maailma
ja valta teidän silloin on

Tää on viimeinen taisto,
rintamaamme yhtykää
niin huomispäivänä kansat
on veljet keskenään.

Ei muuta johtajaa, ei luojaa
kuin kansa kaikkivaltias.
Se yhteisonnen säätää, suojaa,
se on turva tarmokas.
Eestä leivän, hengen, kunniamme
yössä sorron, turmion
kukin painakaamme palkeitamme,
kun käymme työhön, taistohon.

Tää on ...

Lait pettää, hallitukset sortaa,
verot köyhälistön verta juo,
ja köyhän ihmisoikeuskin
ompi tyhjä lause tuo.
Pois jo kansat holhouksen alta.
Veljeyden sääntö on:
kellä velvoitusta, sillä valtaa
ja oikeutta olkohon.

Tää on ...

On kurjat kunniassaan
raharuhtinaat nuo röyhkeät.
Ei koskaan tee ne itse työtä,
vaan ne työtä ryöstävät.
Varat kansan hankkimat on menneet
kaikki konnain kukkaroon.
Pois kansa velkaansa jo vaatii,
nyt ryöstösaalis tuotakoon

Tää on ...

Työmiehet, kyntäjät ja kaikki,
työkansan joukko nälkäinen.
Maa meidän on ja olla täytyy,
vaan ei laiskain lurjusten.
Nälkä meill' on aina vieraanamme
vaan kuin korpit haaskoiltaan
me kerran kaikki karkoitamme,
niin päivä pääsee paistamaan

Tää on ..."
varpunen_jouluaamuna,"Lumi on jo peittänyt kukat laaksosessa.
Järven aalto jäätynyt talvipakkasessa.
Varpunen pienoinen syönyt kesäeinehen.
Järven aalto jäätynyt talvipakkasessa."
jos_eukkosi_kieltää_sua_juomasta,"Jos eukkosi kieltää sua juomasta,
niin juo, niin juo.
Jos kieltää sua viinoja tuomasta, 
niin tuo, niin tuo.
Mutt' juomasta älä sinä milloinkaan lakkaa,
vaan hanki sinä itselles' parempi akka,

Ja juo ja laula, ja juo ja laula,
ja juo ja laula, ja juo ja laula ja...

Trink, trink, Brüderlein, trink,
lass doch die Sorgen zu Haus!
Trink, trink, Brüderlein, trink,
leere dein Glas mit mir aus!

Meide den Kummer und meide den Schmerz,
dann ist das Leben ein Schertz, 
mein lieber Augustin!
Meide den Kummer und meide den Schmerz,
dann ist das Leben ein Schertz, huhhei!

Upseerit sodassa taistelee,
ja juo (ja laulaa), ja juo (ja laulaa),
Ja välillä korkkia haistelee
ja juo (ja laulaa), ja juo (ja laulaa).
Kun taistelun melskeessä pyssyt ne paukkaa,
niin upseerit välillä pullosta naukkaa,

Ja juo ja laulaa ...

Kauf dir ein Auto und fahr gegen Baum,
fann wird das Leben ein Traum,
mein lieber Augustin!
Kauf dir ein Auto und fahr gegen Baum,
fann wird das Leben ein Traum, huhhei!

Maisterit koulussa opettaa, 
ja juo (ja laulaa), ja juo (ja laulaa).
Ja illalla tuntinsa lopettaa, 
ja juo (ja laulaa), ja juo (ja laulaa).
Kun päivällä saksaa ja matikkaa jauhaa,
niin illalla raitilla RÄYHÄÄ JA PAUHAA.

Ja juo ja laulaa ...

Heirat im Sommer, Scheide in März,
dann ist das Leben ein Schertz,
mein lieber Augustin!
Heirat im Sommer, Scheide in März,
dann ist das Leben ein Schertz, huhhei!

Yhä seurassa veikot nuo maistelee, 
ja juo, ja juo,
Ja viime pullosta taistelee, 
ja juo, ja juo.
Kun baarissa viimein on tarjoilu loppu,
on päässäkin sammunut viimeinen proppu.

Ja juo ja laula ...

Meide die Weiber und meide das Bier,
dann wird ein Sportsmann aus dir,
mein lieber Augustin!
Meide die Weiber und meide das Bier,
dann wird ein Sportsmann aus dir, huhhei!

Kas kuusen latvassa oksien alla
on pesä pienoinen oravalla
Joka juo ja laulaa ja juo ja laulaa
ja juo ja laulaa ja juo ja laulaa 
ja juo..."
ölvisa,":,: Tu-tu-tu-Tuborg
och Ca-ca-ca-Carlsberg
är de bästa pi-pi-pi-pilsner,
som jag vet. :,:"
gurulah,"Ikkunaa vasten näin
sovelman kaatuvan jälleen,
poikkeuksen heittänyt
ilmoille on rakkaimpain.
Murhaa on moinen,
sydämein kuolevan tunsin kun ceen
nähdä sain.

Ei, ei, ei, Gurulah!
Ai, ai, voi, Gurulah!
Käänsin sen, taas kerran mä
käänsin sen.
Menetin kaiken, sä aatoksein
juomiseen veit.

Kääntää en sovelmaa voinut,
jäin konsolin ääreen.
Aamu jo valkeni,
kun muiden saapuvan näin.
Nauroin, kun kaaduit.
Tuskani vallassa hillinnyt en itseäin.
Ei, ei, ei, 71 117 114 117 108 97 104!
Ai, ai, voi,
%47%75%72%75%6C%61%68!
Käänsin sen, taas kerran mä
käänsin sen.
Menetin kaiken, sä aatoksein
juomiseen veit."
tänään_otetaan,":,: Tänään otetaan, tänään otetaan
helvetin paljon viinaa. :,:

:,: Huomenna on, huomenna on
helevetin kova krapula. :,:

:,: I dag ska vi ta, i dag ska vi ta
helvete mycket brännvin. :,:

:,: I morgon ska vi ha, i morgon ska vi ha
helvete kova krapula. :,:

:,: Täna võtame, täna võtame
kuradima palju viina. :,:

:,: Homme meil on, homme meil on
kuradima kova pohmakas. :,:"
krimin_kriisi,"Oi hyvät ystävät, meillä jos ois
Ukrainan niemi ja tsaari!
Ilman yhtään tarkkailijaa
on demokraattinen vaali.
Silloinpa, toveri, ei huolta ei lain
valtausta vastustaa prosentti vain.
Oi hyvat ystävät, meillä jos ois
Ukrainan niemi ja tsaari.

Yhtykää kansat riemuitkaa ain,
kielletty on vain anaali.
Veljiinne älkäätte kajotko lain,
homoile ei kunnon slaavi.
Putinin johdolla kuljemme näin
neuvostoauringonnousua päin.
Loistakoon ainiäaa säteily sen,
kirkkaammin kuin sateenkaari."
koff,"Koff on mallasjuoma, niin huurteinen.
Se lasissani vaahtoaa, on väri kullankeltainen.
Koffia en vaihda, sen kans niin mukavaa,
kun muutoin on voi olla kovin tukala.

Koff nyt pullossansa, sua odottaa.
Se siellä salaa kuplii vaan, ja juojaansa vartoaa.
Viljasta kai tehtiin Koff kai aikoinaan.
Jos löydät sen ja nautit sen
Koff jälleen elää saa!"
oman_kullan_silmät,"Oman kullan silmät sinisen on harmaat,
ne on minun mielessäni aina.
:,: Joka sunnuntaki, väliin viikollaki,
aina kun vain silmäni kiinni painan. :,:

Älä tule meille, meillä haukutahan
mene sinne missä kositahan.
:,: Kyllä ne ämmät tuopi, kyllä ne ämmät tuopi
sulle sellaisia, joill' on rahhaa. :,:

Vanha kulta raukka tuli meijän kautta,
luuli että vielä aukeis ovi.
:,: Uusi kulta vieress', vanha oven
pieless', eihän kahta rakastella sovi. :,:"
vesipoikien_marssi,"Pois se meistä, että täällä maisteltais'
noita pahan tuomia alkoholijuomia,
vaikka henki keltä täällä haisteltais'
niin huugo raikas sois'.

Hurraa, me nuoret vesipojat,
pää on selvä meillä aina,
krapulat ei meitä paina,
hurraa, me nuoret vesipojat,
meillä luonto raitis on.

Säyseästi näin kun aina elelee,
itseksensä hissuksiin,
nenä kirjassansa kiinn'.
Tarmokkaasti lasiin aina sylkäisee,
siitä riemu verraton.

Hurraa, me nuoret ...

Paha perii riettauden sellaisen,
jota toiset harjoittaa,
kun he itsens' juovuttaa.
Sukukunnan turman tuopi tuollainen,
kulttuurin turmion.

Hurraa me nuoret..."
paavi_ja_sulttaani,"On paavin elo ihanaa,
hän kaikki anerahat saa.
:,: On viini kallein juomansa,
oi, jospa paavi oisin ma. :,:

Mut ei, ei koskaan maistaa saa,
hän nuoren naisen suudelmaa.
:,: Käy illoin yksin nukkumaan,
en paavi olla tahtoiskaan. :,:

Mut sulttaani hän hummailee,
ja haaremissaan elelee.
:,: Keskellä naisten viehkeäin,
sulttaani oisin mielelläin. :,:

Mut ei, hän ompi polo mies,
hänt' paina koraaninsa ies.
:,: Ei maista viinin tippaakaan,
en sulttaaniksi tahtoiskaan. :,:

En yksin olla tahtoisi,
mä paavi enkä sulttaani.
:,: Mut vuoroin virkaan kumpaakin,
mä mielelläni astuisin. :,:

Suo suukko mulle neitonen,
oon sulttaani mä hetkisen.
:,: Hei veikot maljat täyttäkää,
kun paaviks muuttuu poika tää! :,:"
meksikon_pikapano,"Illan tullen nolottaa,
panopäätä kolottaa,
Pikku-Pete tahtoo päästä sänkyyn painimaan
vaikka paljon masturboi
puutteeseensa kuolla voi
kruisaillessaan päässyt on jo lemmentunnelmaan
Nurkan täyttää iso mies
seuraa vailla kukaties
Pikku-Pete iskee silmää aivan otsa hies!
Äijä iskee takaisin ja Pete jännittyy
tästä illan juttu kehkeytyy...

Esittäytyy kumpikin
Iso-Pat on tietenkin
äijä jonka nurkasta vei Pete mukanaan
""Minä tykkään alistaa"",
Peteä hän valistaa,
kantaessaan kumppaniaan sänkyyn mukavaan.
Pete siitä riemastuu,
oitis hänkin kiihottuu
kuteet nurkkaan lentää saa kun pikariisuuntuu!
Ottaa Pat myös mallia ja luopuu vaatteistaan
niitä tuskin pian tarvitaan!

Iso-Pat nyt kasvavan
tuntee himon painavan
Pikku-Peten kädellään hän ohjaa polvilleen
Pikku-Pete hymyilee,
mulkkua kun maistelee,
toista samanmoista ei oo saanut nähdäkseen.
Iso-Pat jo huokaisee,
lastin matkan laukaisee,
Pikku-Pete satsit ottaa vastaan hymyillen!
Nielaistessaan niitä Pete melkein tukehtuu,
pieni kas on myöskin miehen suu!

On Pikku-Pete ryytynyt,
mutta Pat ei tyytynyt,
ole vielä laisinkaan siis lisää tahtoo hän,
Pikku-Peten kontilleen
vie hän lemmentontilleen
takaapäin hän tahtoo naida aina enemmän.
Kuuluu läiske hurja vaan
Pete käykin pohtimaan:
""Naapuritkin varmaan herää näin kun nussitaan!""
Iso-Pat on hiljaa vaikka suunsa aukeaa,
toisen kerran kun jo laukeaa.

Pat on saanut tarpeekseen
kunnes Peten miehuuteen
sattuu hänen katseensa, nyt toimeen tarttuu hän
""Sepäs oisi ankeaa,
jos en tuota kankeaa
hoitaisi mä kuntoon lailla kunnon isännän!""
Siispä hoitaa seisokin
käsityönä tietenkin
Peten tuleminen sotkee seinätapetin!
Lepotauko jälkeen aktin kestää koko yön
niin vei voimat taakka lemmentyön!

Illan tullen Pete niin
palaa niihin maisemiin
josta ensi kerran Patin sai hän seurakseen
tahtoo naida uudestaan
kaksin, kolmin, kuudestaan
kunhan Patin mukaan saa hän leikkiin riettaaseen
Pat ei ole kulmillaan
tuumii Pete yksin vaan
""Mistä toisen samanlaisen ystävän mä saan?
Pikapanoa vain silloin lähdin hakemaan,
miksi rakastuinkin kokonaan?""

Kyyneleitä vuodattaa,
Petekö ei koskaan saa
kiinni sielunystäväänsä Iso-Patea?
Kadut kaikki kiertää hän
kunhan rakkaan ystävän
Iso-Patin tietäisi hän mistä hakea.
Kuuluu tuttu huuto vaan
Pete kääntyi kannoillaan
Leveästi hymyillen Pat hälle heiluttaa
""Tule tänne ystäväin, ja käy mun syleilyyn
kyllästynyt en sun hempeilyyn!""

Romanttinen loppu nyt
tarinaan on syntynyt
Iso-Pete, Pikku-Pat he maata kiertävät
Vaikka heitä vainotaan
tukevat he toisiaan
elannokseen postivaunut, junat ryöstävät!
Piiloluola illoin ain
lemmenpesänsä on vain
aarteista kun kumpainenkin arvokkaimman sai!
Rakkaudesta pitävät he huolta toisistaan
kestäköön sen liekki ainiaan!"
teinilaulu,"Pojat tenttiin emme me ehtineet
kera veljien uurastaneitten.
Meille eivät laakerit lehtineet
akateemisten seppeleitten.
Mutt' laulu on meidän ja laulupuu,
se kukkii kun laakerit lakastuu.

Me saavuimme kerran Helsinkiin
hyvin nuorina, voittoisina.
Pian palattais taas, niin päätettiin,
joka ainoa maisterina.
Muut tulivat silloin ja tekivät niin.
Me jäimme jäljelle Helsinkiin.

Toki meillekin riemu ja rikkaus työn
oli tuttua, koimme sen kyllä.
Mutt' valkeus yhden keväisen yön,
yks' syleilyllä,
tuhat kertaa suuremman riemun toi.
Luvut jäivät ja kirjoja nakersi koi.

Niin vuodet vierivät luotamme pois
kuin virtana viivähtämättään.
Moni meistä jo tahtonut mukaan ois,
mutt' nousta ja nostaa kättään,
ei jaksanut heikko ja herkkä mies,
joka elämän riemut jo tarkkaan ties.

Mutt' laulumme, teinilaulumme tää
oli meidän ja rakkaus neitten.
Ne taisivat täysin ymmärtää
teot teinien eksyneitten.
Ne shamppanjaks elon kalkin loi
ja laulumme, teinilaulumme soi.

Ja kun kerran, veljet, kaikki on nää
vain unohtunutta multaa,
ylioppilaslakkimme jälkeen jää,
hiven lyyrassa kiiltää kultaa.
Näin teinit, toverit eli ja joi,
ja elämän kirjaa nakersi koi."
neuvostoliiton_hymni,"Oi suuri ja mahtava Neuvostoliitto 
sun synnytti valtava Venäjänmaa
Sun luonut on kansojen yhteinen tahto,
sun mahtis on säilyvä aikojen taa.

Oi suuri, vapaa synnyinmaa,
sun kunniaasi kaiuttaa
kansojen ystävyys murtumaton.
Sun lippuasi seuraten 
neuvostoihminen 
voitosta voittohon astuva on.

Niin suuri on Lenin. Hän kirkasti tiemme,
kun aamuun me astuimme myrskyistä yön. 
Ja Stalinin johdolla taistoissa, työssä
me kasvoimme kuntohon sankarityön.

Oi suuri, vapaa synnyinmaa,
sun kunniaasi kaiuttaa
kansojen ystävyys murtumaton.
Sun lippuasi seuraten 
neuvostoihminen 
voitosta voittohon astuva on.
 
Me taistellen nostimme armeijan maasta,
kuin myrsky me käymme päin valloittajaa. 
Nyt iskemme puolesta lastemme lasten
ja eestä sun kunnias, neuvostomaa. 

Oi suuri, vapaa synnyinmaa,
sun kunniaasi kaiuttaa
kansojen ystävyys murtumaton.
Sun lippuasi seuraten 
neuvostoihminen 
voitosta voittohon astuva on."
drunken_sailor,":,: What shall we do with a drunken sailor :,:
What shall we do with a drunken sailor
early in the morning
:,: Hooray and up she rises :,:
Hooray and up she rises
early in the morning

:,: Shave his belly with a rusty razor :,:
Shave his belly with a rusty razor
early in the morning
:,: Hooray... :,:

:,: Put him in a long boat till he's sober :,:
Put him in a long boat till he's sober
early in the morning
:,: Hooray... :,:

:,: Keep him there and make him bale her :,:
Keep him there and make him bale her
early in the morning
:,: Hooray... :,:

:,: Stick him in a barrel with a hosepipe on him :,:
Stick him in a barrel with a hosepipe on him
early in the morning
:,: Hooray... :,:

:,: Put him in the bed with a captain's daughter :,:
Put him in the bed with a captain's daughter
early in the morning
:,: Hooray... :,:"
ryyppy_saapuu,"Ryyppy saapuu, ryyppy saapuu vilpoinen.
Lasit kiiltää, äänet kiitää kilvaten.
Terve joka muisto, terve kaikille.
Huolet ovat haihtuneet, siis maljanne!"
pumppulaulu,"Meidän laivassa, meidän laivassa
on suuri reikä pohjassa
ja se uppoaa, ja se uppoaa
siis kaikki pumppaamaan.
YKKÖSPUMPPU...
KAKKOSPUMPPU...
jne..."
brännvin_vatten,"Smakar skit som katten.
Brännvin helt rått,
:,: smakar jävligt gott :,:

Viinaa, vettä,
mitä perkelettä.
Viinaa raakaa
:,: napaan kaatakaa :,:"
punschen_kommer,"Punschen kommer, punschen kommer, 
ljuv och sval.
Glasen imma, röster stimma i vår sal.
Skål för glada minnen! Skål för varje vår!
inga sorger finnas mer, när punsch vi får.

Punssi saapuu, punssi saapuu, vilpoinen
punssi saapuu, punssi saapuu, kultainen
Malja kevään uuden, malja muistojen
Punssin taika uudelleen luo nuoruuden"
kaks_kisälliä,"Kaks' kisälliä kulki
maantietä laulellen.
He laulussaan toi julki
ylevän aattehen:
Jos kaikki Suomen järvet,
viinaksi muuttuisi,
niin eikös meidän poikain,
elellä kelpaisi!
Kyllä vaan!

:,: Kaljaa, kaljaa, kaljallallallallaa! :,:


Rannalle viinajärven
majamme laadittais,
sen sulolainehilla
öin päivin soudeltais.
Ja me ryypättäis vain viinaa,
viinassa uitaisiin,
ah, eikös tätä voisi
verrata Eedeniin.
Kyllä vaan!

Kaljaa...

Jos viimein parannusta
ei saatais krapulaan,
niin helmaan Viinajärven
loikattais kuolemaan.
Ja me ryypättäis vain viinaa...
Kyllä vaan!

Kaljaa..."
livet_är_härligt,"Livet är härligt,
tavaritj, vårt liv är härligt.
Vi alla våra små bekymmer glömmer,
när vi har fått en tår på tanden, 
SKÅL!

Ta dig en vodka,
tavaritj, en liten vodka.
Glasen i botten vi tillsammans tömmer;
det kommer mera efter handen, 
SKÅL!"
mielihaluja,"Silja-line hymni
Tahtoisin ginitonicin, ginitonicin,
tai sitten minttufernetin, minttufernetin.
Kelpaa se kossuvissykin, kossuvissykin.
Nyt ryypätään, nyt ryypätään.

Tahtoisin rloginin, rloginin,
tai sitten .cshrc:n, .cshrc:n.
Kelpaa se vihree bittikin, vihree bittikin.
Nyt häckätään, nyt häckätään.

Ottaisin matemaatikon, matemaatikon,
tai sitten söpön kemistin, söpön kemistin.
Kelpaa se geologikin, geologikin,
nyt sekstaillaan, nyt sekstaillaan.

On mulla naama valkoinen, naama valkoinen
ja maistuis' olut huurteinen, olut huurteinen.
Juon sitä kolpakollisen, kolpakollisen
ja oksennan - yli laidan.

Jos saisin, niin mitä tekisin, mitä tekisin?
Kyll' varmaan jotain keksisin, jotain keksisin,
tai sitten kotiin juoksisin, kotiin juoksisin.
Nyt jänistää, nyt jänistää.

Kyll' pojat eilen häpesin, eilen häpesin,
kun yhden tytön tapasin, tytön tapasin,
ja sitten homman mokasin, homman
mokasin. Nyt hävettää, nyt hävettää.

Mut sitten Börjen tapasin, Börjen tapasin!"
nämä_lääkkeet,"Syvä kurkkumme on, jano sammumaton,
juomme saavista Karjalan A:ta.
Sillä kossu ja kessu ne lääkkeemme on,
eikä vatsamme täyttyä saata.
Nämä lääkkeet ne maksalle lohdun soi,
mi voihkivi tuskissansa.
:,: Sitä ennen ei putkemme katketa voi,
kun kaikki on turvallansa. :,:"
pikkukakkosen_posti,"Pikku kakkosen posti
postilokero 347
33101 Tampere 10
Pikku kakkosen posti

Pikku kakkosen URLi
h-t-t-p kaksoispiste kautta-kautta
w-w-w piste yle piste fi
kautta tilde ransu

Pikku kakkosen Ransu
Yleisradion kovin jätkä ikinä
Kolkytä vuotta nyrkki perseessä
Pikku kakkosen Ransu

Sinivilkkuinen taksi
Etupenkillä kaksi v***n homoa
takapenkin susikoira
ei voi ymmärtää

Ammattikorkeakoulu
Postilokero, mitä sen on väliä
joku vitun tradenomitutkinto kuitenkin
Ammattisurkeakoulu"
juomalaulu,"No onkos tullut kesä,
nyt talven keskelle
:,: ja laitetaankos pesä
nyt pikkulinnuille? :,:

Jo kuusi kynttilöitä
on käynyt kukkimaan,
:,: pimeitä talven öitä
nyt ehkä valaistaan. :,:

Ja vanhakin nyt nuortuu,
kuin lapsi leikkimään,
:,: ja koukkuselkä suortuu,
nyt kaikk' on mielissään. :,:

Ja hyvä lämmin hellä,
nyt mieli jokaisen,
:,: nyt jospa ihmisellä,
ois juhla ainainen! :,:"
intian_kuu,"Intiassa kuukin on kuumempi
oo-hiio-hei!
Kuin aurinko meillä vaan suurempi
oo-hiio-hei!
Ja kerran se lakkini sytytti
oo-hiio-hei!
Olin kännissä silloin tietysti
oo-hiio-hei!

:,: Hei juttele sinä vaan,
kyllä sinut tunnetaan
ja vaikka sen valheeksi vannotkin
niin kyllä sua uskotaan :,:

Linnut siellä paistuivat lennossa
Ja voi siellä myytiin pullossa
Ja jok'ikinen kala joka ongittiin
Oli keitettynä kun se nostettiin

Hei juttele sinä vaan...

Intiassa ankkuri nostettiin
Ja Punaiseen Mereen se laskettiin
Ja sen minä voin vaikka vannoa,
Että seilasimme puolukkahillossa

Hei juttele sinä vaan...

Näin minä Niilin rannikot
Näin krokotiilit ja faaraot
Siellä muumiot eli niinkuin ennenkin
Ja lähettivät terveiset teillekin

Hei juttele sinä vaan...

Pyramiidin huipull' oli majakka
Ja majakass' oli kapakka
Ja siellä me kävimme ryypyllä
Ja muumioitten kanssa hypyllä

Hei juttele sinä vaan...

Siellä näin minä neekerityttösen
Niin sievän, hennon ja herttaisen
Vaan yks murjaani juoksi mun perääni
Ja halkaisi kirveellä kalloni

Hei juttele sinä vaan...

Kun me purjehdimme Kreetalle
Niin Välimeri haiskahti sillille
Siellä seireenit lauloivat kuorossa
Oli uintiretki siis vuorossa

Hei juttele sinä vaan...

Siellä tutustuin seireenityttöseen
Niin sievään, hentoon ja herttaiseen
Vaan kun suutelin sitä pyrstölleen
Se haukkas mun perseeni lounaakseen

Hei juttele sinä vaan...

Kreikan nienten takana
Väijyi alkoholisti pakana
Se entrasi meidän kylkehen
Juotti pontikkaa perämiehellen

Hei juttele sinä vaan...

Perämiehemme pontikkakänninen
Vei meidät Maltan saarellen
Vaan kun saari oli pieni niin
Me purjehdimme sen upoksiin

Hei juttele sinä vaan...

Ja laivalla karttapallona
Oli suuren suuri peruna
Vaan kun muona alkoi loppua
Meidän täytyi syödä Afrikka

Hei juttele sinä vaan..."
olutkaanon,"Lapin Kulta, Lapin Kulta
Karjala, Karjala
Sininen ja Karhu, Sininen ja Karhu
Koff Koff Koff, Koff Koff Koff."
eino_leinon_juomalaulu,"Monta päivää juotuaan
pessimisti tuskissaan,
tuumi: Nyt on, jumaliste,
saavutettu päätepiste!
Nuoranpätkä kourassaan
nurkkaan hiipi kuolemaan.
Mutta toiset, nähtyään
yhden poissa pöydästään,
sydämissään suuri hätä
alkoi etsiskellä tätä.
Löytyi veikko nuorastaan,
vainajana suorastaan.

Mutta:
Saatuansa spriitä,
virkistyi hän siitä.
Kohottaen lasiaan,
virkkoi: ""Veljet - asiaan!"""
puheenjohtajan_juomalaulu,Nyt!
jarjestoasiantuntijan_runtulaulu,"Minä soitan harmonikkaa
Fuksit oksentaa rappuun,
kaljatölkkejä tippuu
parvekkeelta alas asfalttiin.
Sitten järjestysmieskin tappelee Uuden eessä,
kertoo vartijaraporttini niin.

Minä annan käyttökiellon,
järjestöt on kauhuissaan.
:,: Voisin viettää runtupäivää
jälleen huomenna. :,:

Helikopterit lentää, Domman järjestötilas
AEE siitä suuren sätkyn saa.
Lavuaareja halkee vaikka vaan keskustellaan
kahdestaan Conduksen vessassa.

Minä annan käyttökiellon,
järjestöt on kauhuissaan.
:,: Voisin viettää runtupäivää
jälleen huomenna. :,:

Suomen tupakkalaki, ei kiinnosta lainkaan,
design-tuolit sen sijaan kiinnostaa.
Bileet leviää aulaan, sieltä videonauhaan,
AEE jälleen uuden sätkyn saa.

Minä annan käyttökiellon,
järjestöt on kauhuissaan.
:,: Voisin viettää runtupäivää
jälleen huomenna. :,:"
eurovision_juomalaulu,"Ranskassa juodaan viiniä
Saksassa olutta ja Venäjällä vodkaa.
Suomessa juodaan kaikkea,
siis malja sille nostakaa!

Norjassa poltetaan kirkkoja,
Hollannissa pilveä ja Venäjällä vodkaa.
Suomessa poltetaan kaikkea,
siis malja sille nostakaa!

Grillissä palaa hiili,
juostessa rasva, Javan kanssa pinna.
Maksassa palaa viina,
siis malja sitä nostakaa!"
internationaali,"Hei, neiti pullot eteem' tuokaa
oi kuulu raisu laulumme.
Hei, veikot kaikki pois te juokaa
tää on viimeinen kännimme.
Pohja vanha sivistyksen horjuu
ei se meitä liikuta.
Alas lyökää koko vanha maailma
on kaikki samantekevää.

Tää on viimeinen känni
seurahamme yhtykää,
niin murheet kaikki poistuu
sun kanssas' hautahan.

Ei muuta johtajaa ei luojaa
kuin viina aina maistuva.
Se meidän onnen takaa, turvaa,
siks' on meidän juotava.
Eestä viinin, laulun naistenkin
tässä juomme, nautimme.
Lasit ylös, kurjat nostakaatte
me tähän uhraam' henkemme.

Tää on viimeinen ...

En koskaan tehnyt itse työtä
vaan aina siivel' elelin.
Varat eukon hankkimat on menneet
kaikki raflan laskuihin.
Pois murheet kaikki vanhat juomme,
meille ruumisarkku tuotakoon.

Tää on viimeinen ..."
internationalen,"Mera brännvin i glasen,
mera glas på vårt bord,
mera bord på kalasen,
mera kalas på vår jord.
Mera jordar kring månen,
mera månar kring Mars,
mera marscher till Skåne,
mera Skåne, bevars!

Lisää viinaa mun lasiin,
lisää laseja pöydälle.
Lisää pöytiä näihin juhliin,
lisää juhlia kansalle.
Lisää kansaa Suomeen,
lisää Suomea päälle maan.
Lisää maata Suomeen,
marssitaan, marssitaan, Karjalaan,
KARJALAAN!"
koodaillaan,"70T ja 55,
on dösä mennyt viimeinen,
mut siitä viis.
RV:seen miinusta teen
ja navettaan koodaamaan meen.

Tää yö nyt ollaan vaan ja koodaillaan,
ei mennä nukkumaan.
Aamulla luennolla irkataan
ja tentit feilataan.

Se viimeinen ware mun quotan vei.
Dogolla on tilaa, mulla ei.
Melkki taas lagaa,
irkistä mut pudottaa.

Nolla kaks, ja kello käy -
diskissan kanssa kahden vain
ei muita näy.
Tunnin, kaks, oon säätänyt,
tää koodi vaan ei oo kääntynyt.

Tää yö nyt ollaan vaan ja koodaillaan,
ei mennä nukkumaan.
Gurulassa kääntäjälle kiroillaan,
kun koodi kusee taas.

Se viimeinen bugi mun hermot vei,
Dogolla on kivaa, mulla ei.
Noppia kai voisi
helpomminkin saavuttaa.

On laskarit ja aamu uus,
en valmis ole vieläkään,
ja RV huus.
Skippaan taas ja vierailen,
nyt Gurulassa hengailen.

Tää päivä ollaan vaan ja koodaillaan,
ei mennä nukkumaan.
Ei musta maisteria tulekaan -
mä muutan Gurulaan."
leukojen_välliin,"Viina on elämän riemuja varten,
viina on lahjana jumalatarten
Leukojen välliin, leukojen välliin, 
leukojen välliin viinaa juu!

Leukojen välliin ryyppi
nyt joka ainut tyyppi!
Leukojen välliin...

Ryypillä tehdään kuninkaita,
herroja suuria ruhtinaita
Leukojen välliin...

Ryyppi se painuu sisuksihin syvvää,
päässä ja sydämessä tekkee se hyvvää
Leukojen välliin...

Ryyppi se menee miehiin ja frouviin,
kaikki sen saa, jotka tulleet on krouviin
Leukojen välliin...

Ryyppi kun mennyt on kurkusta sissään,
siellä se istuu ja pyytää lissää
Leukojen välliin...

Käskekääs tänne se kyyppi
leukojen välliin ryyppi,
Leukojen välliin..."
karhuviinaa,"Ottaisin minä Karhuviinaa,
jos vain pullon saisin.
:;: Pieneen kurkkuun kaataisin
ja sitten oksentaisin. :;:

Tiu tau, tiu tau tili tali tittan,
juodaan rommia kolalla.
:;: Sitten kun ollaan koko pullo juotu,
niin ollaan perseet olalla. :;:

Vaan ei se taitais meidän äiti
Karhuviinaa ottaa.
:;: Eihän se edes usko, että
Karhuviina on totta. :;:

Tiu tau, tiu tau...

Syksyn tullen sieniä kasvaa
varpaanväleissämme.
Eikä me sukkia vaihdeta kuin
korkeintaan keskenämme.
Eikä me sukkia vaihdeta,
- ei ainakaan keskenämme!

Tiu tau, tiu tau..."
helan_gor,"(Soolo:)
En liten fågel satt en gång
och sjöng i furuskog,
han hade sjungit dagen lång
men dock ej sjungit nog.
Vad sjöng den lilla fågeln då?

(Kaikki:)
Helan går,
sjung hoppfaderallan lallan lej
Helan går, sjung hoppfaderallan lej
Och den som inte helan tar,
han ej heller halvan får.
Helan går...
- sjung hoppfaderallan lej!"
sähkö_atk_laulu,"Javascripti, javascripti, RoR, RoR,
React sekä Angular, React sekä Angular,
NoSQL, NoSQL.

HTML5, HTML5, JSON, JSON,
WebGL sekä Bootstrap, WebGL sekä Bootstrap,
SCSS, SCSS."
bohemian_rhapsody,"Is this the real life?
Is this just fantasy?
Caught in a landslide
No escape from reality
Open your eyes
Look up to the skies and see
I'm just a poor boy, I need no sympathy
Because I'm easy come, easy go
A little high, little low
Anyway the wind blows, doesn't really matter to me, to me

Mama, just killed a man
Put a gun against his head
Pulled my trigger, now he's dead
Mama, life had just begun
But now I've gone and thrown it all away
Mama, ooo
Didn't mean to make you cry
If I'm not back again this time tomorrow
Carry on, carry on, but nothing really matters

Too late, my time has come
Sends shivers down my spine
Body's aching all the time
Goodbye everybody I've got to go
Gotta leave you all behind and face the truth
Mama, ooo (anyway the wind blows)
I don't want to die
I sometimes wish I'd never been born at all

I see a little silhouetto of a man
Scaramouch, scaramouch will you do the fandango
Thunderbolt and lightning very very frightening me
Gallileo, Gallileo, 
Gallileo, Gallileo, 
Gallileo Figaro - magnifico

But I'm just a poor boy and nobody loves me
He's just a poor boy from a poor family
Spare him his life from this monstrosity
Easy come easy go will you let me go
Bismillah! No we will not let you go - let him go
Bismillah! We will not let you go - let him go
Bismillah! We will not let you go let me go
Will not let you go let me go (never)
Never let you go let me go
Never let me go ooo
No, no, no, no, no, no, no
Oh mama mia, mama mia, mama mia let me go
Beelzebub has a devil put aside for me
For me
For me

So you think you can stone me and spit in my eye
So you think you can love me and leave me to die
Oh baby can't do this to me baby
Just gotta get out just gotta get right outta here

Ooh yeah, ooh yeah
Nothing really matters
Anyone can see
Nothing really matters nothing really matters to me"
unkarin_viini,"Voi hyvät ystävät meillä jos ois'
Unkarin viiniä saavi.
Eikö kun kaks' sitä kantais ja jois,
paksusti voitais kuin paavi.
Silloinpa, veikkoset, huolta ei lain,
saavissa kieli kun maattaisiin vain.
Voi hyvät ystävät meillä jos ois',
Unkarin viiniä saavi.

Painakoon lyijynä saavimme tuo
olla ei vaivojen vanki.
Nostava hän, joka laulaa ja juo,
taakan on raskahimmankin!
Veljeni, nyt syliin sieppaan mä sun,
tanssimme ympäri vannehditun...
Voi, hyvät ystävät, vuotais nyt vuo,
oltais ei vaivojen vanki!

Ulkona paiste tai ukkonen ei
vaikuta tahtiimme huimaan.
Ei, vaikka enkelit - hupsis ja hei! -
loikkaisi saaviimme uimaan.
Lähdön he sais' pian pilviä päin,
huutaa ja huitoa jaksamme näin..
Muuta nyt, ystävät, toivota ei:
päästäispä saavihin uimaan."
lasi_täyttyy_oluesta,"Lasi täytyy oluesta, elämä on dokaamista
ota lasi käteen, juodaan kaljaa.
Pyydä minut aamuteelle,
oksennetaan parvekkeelle.
Nyt on lokakuu, ja minä vasta treenaan.
En kossua dokaa, en vinkkua dokaa,
kun dokaan, niin dokaan kaljaa vaan,
ja kännissä oon, ennen kuin huomaatkaan.
Ennen dokasin paljon, tänään dokaan kai
vielä enemmän.
Tarjoilija, tuoppi vielä tuokaa."
klusterilainen,"Teekkarit on perseestä,
perseestä, perseestä.
Teekkarit on perseestä, perseestä.

Kylterit on syvältä,
syvältä, syvältä.
Kylterit on syvältä, syvältä.

Humanistit on työttömiä,
työttömiä, työttömiä.
Humanistit on työttömiä, työttömiä.

Klusteri on kiva paikka,
kiva paikka, kiva paikka.
Klusteri on kiva paikka, kiva paikka."
syphilis,"It just started with a simple kiss
Now it even hurts to take a piss
Oh how did I get syphilis.

Leprosy
I'm not half the man I used to be
Now my fingertips are leaving me
Oh I believe I've leprosy.

Why her box was sick
I don't know, she would not say
Now my dripping dick won't get hard like yesterday.. ay.. ay.. ay

Yesterday
My cock was always coming out to play Now it needs two weeks to hide away Oh I believe in yesterday,
I believe in yesterday."
onomatopoeettinen_alkoholiliike,":,: Kana sanoo kot kot kot kot kot kot :,:
:,: Kuinka kana sanoo? :,:
Kuinka kana sanoo Cabana?
Kana sanoo kot kot kot kot kot kot.

:,: Karhu sanoo mur mur mur mur mur mur :,:
:,: Kuinka karhu sanoo? :,:
Kuinka karhu sanoo Karhu?
Karhu sanoo mur mur mur mur mur mur

:,: Gorilla sanoo ärrhg ghräghgrr :,:
:,: Kuinka gorilla sanoo? :,:
Kuinka gorilla sanoo Carillo?
Gorilla sanoo ärrhg bundolo.

Ketulla on krapula, niin myös madolla;
kaikki ne voit tavata Alkon jonossa!

:,: Kirahvi sanoo öri öri öri öri öri öri :,:
:,: Kuinka kirahvi sanoo? :,:
Kuinka kirahvi sanoo Kahvi - likööri?
Kirahvi sanoo öri öri öri öri öri öri

Siili käyttää aineita, niin myös etana;
heitä et voi tavata Alkon jonossa!

:,: Kiiski sanoo ... ... :,:
:,: Kuinka kiiski sanoo? :,:
Kuinka kiiski sanoo Whisky?
Kiiski sanoo ... ...

:,: Siittiö sanoo ptlqm ptlqm :,:
:,: Kuinka siittiö sanoo? :,:
Kuinka siittiö sanoo I love you?
Siittiö sanoo ptlqm ptlqm."
hauki_ja_viina,"Katonrajass' kulkee hauki,
pahaa taitaa tarkoittaa!
:,: Kierrä pullon korkki auki,
ryyppy pedon karkoittaa. :,:

Pöydän alta ryömii lisko,
ilkein silmin tuijottaa.
:,: Ryyppy toinen naamaas kisko,
aistiharha lähdön saa. :,:

Vierustuolill' istuu hylje,
pyrstö läpsii palleaas'.
:,: Kunhan vain et lasiin sylje,
mursu daamiks' muuttuu taas. :,:

Pöydän päällä ammuu nauta,
maitoo koittaa tyrkyttää.
:,: Ryyppy neljäs, jumalauta,
maitohapot myrkyttää. :,:

Uppå väggen går en gädda
med långa ludna svarta ben,
:,: men ni ska inte vara rädda,
tag en sup och allt går väl. :,:

Vita möss som går i taket
råna hest och falla ner,
:,: men ni ska inte vara rädda,
tag en sup och allt gör väl. :,:"
aku_ankka,":,: Aku Ankkako lapsemme turmelee?
Oh yeah, oh yeah :,:
Aku Iineksen kanssa seurustelee,
mutta naimisiin eivät he koskaan mee,
oh yeah, oh yeah, oh yeah.

:,: Aku Ankkahan housuja käytä ei,
Oh yeah, oh yeah :,:
Sitä lapsemme onneksi ei vielä tee,
vaan vaatteet päällä he kävelee,
oh yeah, oh yeah, oh yeah.

:,: Kuka TupuHupuLupun aikaan sai,
Oh yeah, oh yeah :,:
(Kertosäe lauletaan Sleepy Sleepers - Kuka,Mitä,Häh melodialla)
Olitko se sinä?
Vai olinko se minä?
A, mitä hä?

:,: Aku Ankka on ikuinen poikamies,
Oh yeah, oh yeah :,:
Kerran pari hän Iineksen ulos vei,
mutta sänkyyn saakka koskaan ei,
oh yeah, oh yeah, oh yeah.

:,: Pelle Peloton keksijä kelpo on,
Oh yeah, oh yeah :,:
Silti leluja hän vielä kokoilee,
vaikka pontikkaa pystyis' keitteleen,
oh yeah, oh yeah, oh yeah.

:,: Roope Ankka se naisissa hyppää ei,
Oh yeah, oh yeah :,:
Vaikka rahoillaan pystyis ostamaan
ihan millaisen missin haluais vaan,
oh yeah, oh yeah, oh yeah.

:,: Mitä tekevät ystävät Mikki ja Hessu?
Oh yeah, oh yeah :,:
Mikki menee Minnin kanssa motelliin,
Hessu etsii kundii poikkeevii,
oh yeah, oh yeah, oh yeah.

:,: Nyt kerromme, miksi teimme laulun tään,
Oh yeah, oh yeah :,:
Sanat valhetta on, mutta sitä en kadu:
""Hyvät vanhemmat!
Ostakaa nyt lapsillenne uusi Aku.""
oh yeah, oh yeah, oh yeah."
yogi_bear,"I know someone you don't know, Yogi, Yogi.
I know someone you don't know, Yogi, Yogi bear.
Yogi, Yogi bear, Yogi, Yogi bear.
I know somone you don't know, Yogi, Yogi bear.

Yogi likes it from behind, frombe, frombe...
Yogi has a girlfriend, Cindy, Cindy...
Cindy likes it up the ass, up the, up the...
Cindy has a girlfriend too, Betsy, Betsy...
Betsy likes it in a group, Gang-bang, Gang-bang...
Betsy does it upside down, koala, koala...
Cindy got what she deserved, pregnant, pregnant...
Yogi had an accident, Daddy, Daddy...
Yogi has an enemy, ranger, ranger... Smith.
Ranger Smith fucks animals, ani ani...
Yogi he has HIV, dying, dying..."
vitutuslaulu,"Voi saatana, voi perkele,
voi jumalauta, vittu.

Voi saatana, voi perkele,
voi jumalauta, vittu.

Voi saatana, voi perkele,
voi jumalauta, vittu.

Voi saatana, voi perkele,
voi jumalauta, vittu."
raittiuslaulu,"Pois ottakaa tää moska,
se pahasta on, koska
voi siitä juopua."
kirkossa,"Tuli kirkkoon mies ja lapsi,
he eteeni istuivat.
Kai tie oli pienelle hmmhmm,
oli kosteat hmmhmmhmm.
Ei monta hetkeä hiljaa
tuo ollut pikkupää.
Oli paljon hmmhmmhmmhmm
ja paljon hmmhmmhmm.

Oli kauniit hmmhmmhmmhmm,
monihaaraiset hmmhmmhmm.
Nuo kaksi hmmhmm hiljaa
ja joskus hmmhmmhmm.
Kovin kauan hmmhmm kesti,
lapsi istui hmmhmmhmm
ja pienin pehmein sormin
isän hmmhmm hyväillen.

Minä tahtoisin isä jo hmmhmm,
isä minua hmmhmmhmm.
Hän nostaa pienet kasvot
ja huuli värähtää.

He lähtivät kesken hmmhmm,
minä loppuun asti jäin.
Sama hiljainen arka pyyntö
nous syvältä itsestäin:

Minä tahtoisin isä jo hmmhmm,
isä minua hmmhmmhmm.
Soi kirkossa hmmhmmhmmhmm,
oli ulkona hmmhmmhmm."
sauvakirkon_polttaja,"Kun ilta tullut on, pillit soi, savu haisee,
vain vanhan sauvakirkon seinät tuntee kuumuuden.
Kas, parvella nyt ""RAKS!"" parru leimuten halkee.
On syyllisenä poika Norjan muinaisjumalten.
Kun tienoon valot kaikki jo hiipuu ja kuolee,
hän jerrykannun kanssa hiipii kirkkoon hiljaiseen.
Ja bensa lorisee, tuli nurkkia nuolee,
ja roihuavat liekit piirtyy yöhön kesäiseen.

 Taas kerran näin iloisesti polttaa hän saa.
 Se tuttuu on kyllä mutta innostavaa.
 Kun palokellot soivat ja liekit ilakoivat,
 ne kertoa sen, voivat kuinka nauroi hän.
 
Hän nuori vielä on, mutta oottaa jo aikaa,
kun kaikkialta konstat saapuu häntä tutkimaan.
Voi kuinka lauluaan kolkko selli tuo kaikaa.
Hän toivoo että kauniina lyö liekit ainiaan.
Hän oikeudessa saa tuhopoltosta syytteen,
ja humu, pauhu mahtava nyt kaikkialle soi.
Hän siellä esittää tinkimättömän pyyteen,
ett' lieskat jälleen taivaankanteen asti nousta voi.

 Taas kerran ..."
laulu_uudelle,"Jäi Uudelle vain päivä elämää
ja elämään se iltakin näin jää.
Kuumankostean minä tunsin Alinan
ja lauteet Alasaunan.

Minä ensin näin kupolin vihreän
ja ylöspäin vei raput käytävän.
Laulut laulettiin, pitkään iltaa istuttiin
ja jatkoille siirryttiin.

Kun oluen niin vaahdontäytteisen
sä tarjosit ja katsoit hymyillen.
Koskin pulloa ja sen pintaa kosteaa
ja aloin paikkaa rakastaa.

Yks kerrallaan nous hauet aivoihin
kun käsissäs sä kannoit Apteekkiin.
Sieltä Vinnille, Illusioon, Kupoliin,
se ilta jatkui loputtomiin.

Kun päättyi yö, niin pirskeet lannistui
ja A-rappuun vain ""kevyt"" haju jäi.
Kuljin frakissa kotiin aamubussilla
ja päätin tulla uudestaan.

Jäi Uudelle..."
luukkaisen_poika,"Minä saavuin OhPen pajaan,
jäin menoa katselemaan.
Siellä satalukuinen laskarivuori
yllytti koodaamaan.
Minä pelkäsin suurta Javaa,
minä pienistä fukseista pienin,
mut kun kisälli merkkasi ensimmäisen rastin
jäin seuraavaa himoitsemaan.

Minä olin Luukkaisen poika,
lähes mestari siis itsekin.
Vielä koodaisin optimoidummin kuin muut,
vielä isäänikin paremmin.

Minä nukahdin NetBeansin ääreen,
unen oliopohjaisen näin:
kuinka metodit perittiin yläluokasta mutta
konstruktoreja ei.
Abstraktius ja kuormittaminen,
kohti toimivaa ohjelmaa.
Rajapinnasta kimmelsi idea mulla,
kun sain softani kääntymään.

Minä olin...

Pajaluokan perällä on kuuma
Power Kingikin pääs loppumaan.
Mut kurssien päässä on koodauksen taito,
ovi miltei mihin vaan.

Minä olin..."
lärvit,":,: Lärvit, lä-lä-lä-lärvit, lä-lä-lä-lärvit,
nyt otetaan! :,:
Lää-lä-lää-läl-läl-läl-läl-läl-läl-lä-lä-läl-läl-lää,
lää-lä-lää-läl-läl-lää-lä-lär-vit.
Lää-lä-lää-läl-läl-läl-läl-läl-läl-lä-lä-läl-läl-lää.
Lää-lää-lä-lää-lä-lää-lä-lää-lä-lär-vit.
:,: Lärvit, lä-lä-lä-lärvit, lä-lä-lä-lärvit,
nyt otetaan! :,:

Kra-pu-la, kra-pu-la, kra-pu-la.
Kra-pu-la, kra-pu-la, kra-pu-la.
:,: Kraa-puu-laa, kraa-kra-kra-ra-ra-pu-la,
kraa-kra-ra-ra-ra-pu-la, kra-pu-la, kra-pu-la :,:"
finlandia,"Oi Suomi, katso, sinun päiväs' koittaa,
yön uhka karkoitettu on jo pois,
ja aamun kiuru kirkkaudessa soittaa
kuin itse taivahan kansi sois'.
Yön vallat aamun valkeus jo voittaa,
sun päiväs' koittaa, oi synnyinmaa.

Oi nouse, Suomi, nosta korkealle
pääs' seppelöimä suurten muistojen,
oi nouse, Suomi, näytit maailmalle
sa että karkoitit orjuuden
ja ettet taipunut sa sorron alle,
on aamus' alkanut, synnyinmaa."
sörnai_gusha,"Sörnai gusha nietu Molotova
sörnai gusha herba Moskova. 
:,: Njet njet bonimai votvot risubuska 
dara zeva votvot harasoo. :,:

Isä Stalin, äiti Hrutzheva 
iski silmää ginihibrakas. 
:,: Oi-oi oishiba vodkaa ollut heillä 
oishi ishku khäynyt alemmas. :,:

Tuoksuu tuomet, syreenit ja ruusut 
tuoksuu tuolla Volgan randamill'. 
:,: Ai ai kaunis kulda Kaditzusha 
tuoksuu tundeet rindas rindamill'. :,:

Siellä missä versoaapi vilja
siellä kasvoi kaunis Katjuska. 
:,: Katjuskalla komiat on keuhkot 
basga haisee nevan rannalla. :,:

Oon vain köyhä kolhoosinainen 
ei oo mulla yhtään ystävää. 
:,: Ei oo lehmää eikä ole lammasta, 
eikä shuussa yhdään hammashta. :,:

Siperian lakeus on suuri 
Sonja siellä lunta lapioi. 
:,: Sonjalla kävi hiton huono tuuri 
kun länsituuli uutta lunta toi. :,: 

Oon vain köyhä poika Petroskoista, 
ei oo mulla yhtään ystävää. 
:,: Sirppi ja vasara ne taivahalla loistaa, 
basga haisee, balalaikka soi. :,:"
joutsenlaulu,"Taas lapset pihalla näät
ikkunas alla leikkivän leikkejään
Taas siihen paikallesi ikkunaan jäät
siihen ikkunaan jäät

Lennät vuosien taa
Ne muistot päivittäin sut valtaansa saa
Ne Joutsenlauluun etsii taas laulajaa
etsii taas laulajaa

Nuo hetket syntymästä kuolemaan
kun silmäluomiin heijastuu
Saa toiset uskomaan kai Jumalaan
toiset Saatanaan, tai mihin vaan
Muttei kuitenkaan tähän maailmaan

Sä kerran löysit myös sen
tuon puolen vuosisadan rakkauden
Sun oli helppo olla onnellinen
olla onnellinen

Nyt mitä vaistoillas teet
kun linnut pesästään on pois lentäneet
On enää valokuvat kellastuneet
ne selaat taas uudelleen, ja taas uudelleen

Et ehkä sääliäni kaipaa,
ei se saa tuskaa puutumaan
Tuo tuska laulun tämän kirjoittaa
tuo tuska kiinni saa kenet vaan
Tuo tuska kiinni saa

Suruhuntusi näät
se viisi vuotta sitten sai hengittää
Sut Joutsenlaulu silloin sai itkemään
sut sai itkemään

Tahtoisit olla niin kuin silloinkin
kun peityit huntuun valkoiseen
Se jäänyt on jo ajan jalkoihin
niin kuin sinäkin

Tahtoisin yrittää
mä että silloin veden pinnalle jään
Kun joen tulvivan mä uomistaan nään
kun joen tulvivan nään

Nuo naiset marketeissa kärryineen
ja miehet kantabaareissaan
Nuoruuden lähteestä kai haaveilee
ja tuska laimenee, tai miten vaan

Taas hetken lähempänä kuolemaa
ei haihdu tuska milloinkaan
Tuo tuska laulun tämän kirjoittaa
Tuo tuska kiinni saa kenet vaan...
Tuo tuska kiinni saa kenet vain haluaa......"
hei_vahtimestari,":,: Hei vahtimestari!
Tule, täytä lasini.
Vie tyhjät pullot pois! :,:
:,: Kyllä enemmänkin juodaan,
jos vain lisää tuodaan,
ja laskut maksetaan jos jaksetaan. :,:

:,: Hei vahtimestari!
Tule täytä lasini.
Vie kuolleet fuksit pois! :,:
:,: Ja kun mä kerran kuolen,
kyll' firma pitää huolen,
ett' Vanhan Kellariin mut haudataan. :,:"
kalliolle_kumpulamme,"Kalliolle Kumpulamme
Kalliolle kukkulalle

Kalliolle Kumpulamme
rakensimme me majamme.
Tule, tule, fuksi pieni,
jakamaan se kanssamme.

Jollet sinä tänne jääkään,
niin lähdit varmaan kauas pois,
TKK:lle Otaniemeen,
miss' en sua nähdä vois."
nisti_ja_noori,"Assari kun päätti tentin,
siskoistaan jäi jälkeen sentin
humanisti viimeinen.
Hämärä jo Stadiin hiipi,
humanisti Kamppiin kiiti,
juuri aikoi nousta linjuriin,
kun insinöörin fiksun näki
vastaan tulevan,
se juuri oli noussut bussistaan.
Kas insinööri ennen päivän
laskua ei voi,
milloinkaan lähtee lafkaltaan.

Katselivat toisiansa,
insinööri rinnassansa
tunsi kummaa leiskuntaa.
Sanoi: poltat Marlboroa,
mutten ole eläissäni
nähnyt mitään yhtä ihanaa!
Ei haittaa, vaikka röökisi
mut yskiväksi saa - 
on astmaisena hyvä asustaa.
Käy kanssani, niin Otaniemeen
näytän sulle tien,
ja sinut erhekylään vien.

Nisti vastas: nööri kulta,
teekkarit vie järjen multa,
enkä toivo hourulaan.
Pois mun täytyy heti mennä,
ellen kohta Dommaan ennä,
niin en hetkeäkään lukee saa.
Niin lähti kaunis humanisti,
mutta vieläkin,
kun insinööri öisin integroi,
hän miettii, miksi toinen täällä
lukutoukka on,
ja toinen nablaa rakastaa."
ryyppää_vaan,"Ryyppää, ryyppää, ryyppää vaan,
huomenna on sulla krapula.
Mutt' jos ryyppäät, ryyppäät, ryyppäät
vaan, krapula ei saavukaan.

Koodaa, koodaa, koodaa vaan,
huomenna on sulla ohjelma.
Mutt' jos koodaat, koodaat, koodaat vaan,
koneeseen ei mahdukaan.

Nablaa, nablaa, nablaa vaan,
huomenna on sulla roottori.
Mutt' jos nablaat, nablaat, nablaat vaan,
roottori ei pyörikään.

Irkkaa, irkkaa, irkkaa vaan
huomenna on sulla elämä.
Mutt' jos irkkaat, irkkaat, irkkaat vaan, 
elämä ei tulekaan.

Sorvaa, sorvaa, sorvaa vaan,
huomenna on sulla kapula.
Mutt' jos sorvaat, sorvaat, sorvaat vaan,
kapulaa ei olekaan.

Tislaa, tislaa, tislaa vaan
huomenna on sulla pontikkaa.
Mutt' jos tislaat, tislaat, tislaat vaan,
pontikkasi sokeuttaa.

Nyplää, nyplää, nyplää vaan,
huomenna on sulla ongelma.
Mutt' jos nypläät, nypläät, nypläät vaan,
ongelmaa ei olekaan."
klurre_kädelläsi,"Klurre, kädelläsi asua mä saan,
turvallisin käsi pällä maan.
Siellä kaikki saavat uuden humalan,
kaljaa kaadat haavat sitoen.
:,: Onneni on olla, Urhoo lähellä,
sammua voin yksin Klushteriin. :,:

Klurre, kädelläsi iloita mä saan,
se on rikas käsi juottamaan.
Siellä kadotusta meille tarjotaan,
eikä armahdusta milloinkaan.
:,: Onneni on olla, Chrissen sisällä,
ottaa voin vain yökäyttövastuun. :,:"
hypermedialaulu,"Javaskripti, javaskripti, C++, C++,
Corba sekä Perli, Corba sekä Perli,
SQL, SQL.

HTML, HTML, XML, XML,
Flashi sekä QuickTime, Flashi sekä QuickTime,
CSS, CSS."
juodaan_viinaa,"Kolmen tähden jallupullon juotuaan
kaksi miestä tutkii muistikirjojaan.
Toinen tuskailee, kun sivut täynnä on -
on toisen kirja pitkään ollut sivuton.

Vaimo liikaa mieheltänsä kyselee;
ei kun pullo pöytään, sitten miettimään!
Lapset nukkuu, pimeys vain tihenee...
vaimo vastauksen pian saa äijältään:

Juodaan viinaa,
tullaan viisaammiksi näin.
Juodaan viinaa,
on todellisuus piinaa hetkittäin...
- selvinpäin

Vanhus nuoren pastorin saa sekaisin
siltä kuolemasta liikaa udellen.
Tarjoilu on niukkaa kanssa öylätin;
vanhus kiittää, mutta jälkeen aamenen:

Juodaan viinaa...

Joillakin on liian paljon edessään,
toiset menneisyyttään irti karistaa.
Yksi uinut on kuin kalat vedessä,
ja toinen naapureitansakin aristaa!

Juodaan viinaa..."
ken_on_fuksi,":,: Ken ompi fuksi n (jne...)
ylös nouskohon.
Hän lasin käteen ottakoon
Sen huulillensa nostakoon.
Juo pois, juo pois, juo pois, juo pois.
Juo herran tähden pois. :,:"
ko-ko-ko-koskenkorvaa,"Ko-ko-ko-kosken-ko-ko-ko-korvaa,
siitä aina kunnon rä-kä-kä-kännit saa.
Ko-ko-ko-kosken-ko-ko-ko-korvaa,
siitä aina kunnon rä-kä-kä-kännit,
aina kunnon rä-kä-kä-kännit,
aina kunnon rä-kä-kä-kännit saa!

La-la-la-lappeen-ra-ra-ra-ranta,
siellä aina kunnon rä-kä-kä-kännit saa!
La-la-la-lappeen-ra-ra-ra-ranta,
siellä aina kunnon rä-kä-kä-kännit,
aina kunnon rä-kä-kä-kännit
aina kunnon rä-kä-kä-kännit saa!

Ko-ko-ko-kone-kiväärikomppania,
siellä aina kunnon rä-tä-tä-tä-tä-tä saa!
Ko-ko-ko-kone-kiväärikomppania,
siellä aina kunnon rä-tä-tä-tä-tä-tä,
aina kunnon rä-tä-tä-tä-tä-tä,
aina kunnon rä-tä-tä-tä-tä-tä saa!

Tu-tu-tu-tuli-asemapatteri,
siellä aina kunnon TUM saa!
Tu-tu-tu-tuli-asemapatteri,
siellä aina kunnon TUM,
aina kunnon TUM,
aina kunnon TUM saa!

Vi-vi-vi-viesti-ko-ko-ko-komppania,
siellä aina kunnon näpy-näpy saa!
Vi-vi-vi-viesti-ko-ko-ko-komppania,
siellä aina kunnon näpy-näpy,
aina kunnon näpy-näpy,
aina kunnon näpy-näpy saa!

Si-si-si-sissi-ko-ko-ko-komppania,
siellä aina kunnon *shh* saa!
Si-si-si-sissi-ko-ko-ko-komppania,
siellä aina kunnon *shh*,
aina kunnon *shh*,
aina kunnon *shh* saa!

La-la-la-lapin-jä-jä-jä-järvi,
siellä aina kunnon pingismatsit saa!
La-la-la-lapin-jä-jä-jä-järvi,
siellä aina kunnon pingismatsit,
aina kunnon pingismatsit,
aina kunnon pingismatsit saa!"
jallu,"Jallu, sen mä kaadan ineen.
Jallu, meill' on yhden tähden bileet.
Jallu, maksa puskee hikee.
Jallu, Jallu, Jallu, Jallu."
vodka_vodka,"Vodka, vodka vill jag dricka,
jag vill äta kaviar.
:,: Jag vill älska ruški flicka,
jag vill spy i samovar! :,:"
minnet,"Minne, jag har tappat mitt minne,
är jag svensk eller finne,
kommer inte ihåg.
Inne, är jag ut eller inne?
Jag har luckor i minne,
sån' där små alkohol.
Men besinn' er,
man tätar med det brännvin man får,
fastän minnet och helan går.

Minne? Muisti hävis, mut' minne?
Juhlista selvisimme, muistikatkoja on.
Minne? Lähtisin vaikka minne,
kunhan selvittäisimme,
mitä tapahtunut on.
Mutta tiedän
mä keinon mikä auttaapi tuo:
Ota ryyppy, ja muistis juo!"
kalmarevisan,"# = esilaulaja/foresinger

Uti Kalmare stad,
ja, där finns det ingen kvast
förrän lördagen.

# Hej dick
Hej dack
# Jag slog i
och vi drack.
# Hej dickom dickom dack,
hej dickom dickom dack.
För uti Kalmare stad,
ja, där finns det ingen kvast
förrän lördagen.

# :,: När som bonden kommer hem
kommer bondekvinnan ut :,:
är så stor i sin trut.

# Hej dick...

# :,: Var är pengarna du fått?
Jo, dom har jag supit upp :,:
uppå Kalmare slott.

# Hej dick...

# :,: Jag skall mäla dig an
för vår kronbefallningsman :,:
och du ska få skam.

# Hej dick...

# :,: Kronbefallningsmannen vår
satt på krogen igår :,:
och var full som ett får.

# Hej dick..."
jallutähden_alla,"Täällä jallutähden alla
korkeimmalla kukkulalla.
Katson läpi lasin tyhjän,
sen täytän uudestaan.

Täällä jallutähden alla,
lasi täyttyy leikatulla.
Siitä suojakseni peiton,
minä itselleni saan.

Ja alla jallutähden,
minä otan,
yhden tähden,
ja vain jallutähden nähden,
itken ilon kyyneleen.

Täällä jallutähden alla,
kova jano laulajalla.
Huolet viinaa naukkaamalla
siirtyy päivään huomiseen

Täällä jallutähden alla,
hiipii sieluun asti halla,
mutta korkin avaamalla,
sulaa sydän uudelleen.

Ja alla jallutähden..."
suhteellisen_rivakka_turkulainen_juomalaulu,Ai nyvvai?
jaloviinaa,"Susinaisesta kuullut mä oon tarinoita
kuinka tuo noita naisen hahmossa vei
miehen joka myöhemmin suruunsa juuttui
kuin kiveksi muuttui, enää puhukkaan ei

Hän vain juo jaloviinaa
viileää viinaa, kuin vettä vain juo
Hän läikyttää lasissaan ruskeaa viinaa
ja tien muistaa ruskeiden silmien luo

Vuosia myöhemmin naisesta kuulin
joka elelee yksinään Naarvassa päin
Ja riutunut mies roudaa hänelle viinaa
vie jaloviinaa hälle ämpäreittäin

Ja hän vain juo jaloviinaa
viileää viinaa, kuin vettä vain juo
Ovat silmänsä kuulema kuin jaloviinaa
lämpimän ruskeat kuin viina tuo

Ja hän vain juo jaloviinaa
viileää viinaa, kuin vettä vain juo
Hän läikyttää lasissaan ruskeaa viinaa
ja tien muistaa ruskeiden silmien luo"
finlandssvensk_snapsvisa,Nu!
romanssi,"Sua vain, yli kaiken mä rakastan,
sinä taivaani päällä maan.
:,: Minä maiset murheeni unohdan,
sinisilmiis kun katsoa saan. :,:

Yli riemuni oot mitä toivoisin
sä kun istut mun rinnallain
Olet kaikkeni, aarteeni, kallehin
Olet onneni unelmain.

Oi, sallithan, että mä suutelen
sinisilmiäs, armahain.
:,: Ja jos kauas sun luotasi joutunen
kuvas seuraa mun matkallain. :,:

Yli riemuni oot mitä toivoisin..."
lapin_kulta_kaanon,"Lapin Kulta, Lapin Kulta,
Karjala, Karjala,
Sininen ja Olvi, Sininen ja Olvi,
Koff, Koff, Koff, Koff, Koff, Koff.

Koskenkorva, Koskenkorva,
pontikka, pontikka,
sinoli ja lasoli, sinoli ja lasoli,
tärpätti, tärpätti.

Viru Valge, Viru Valge,
Saarenmaa, Saarenmaa,
Laua-viin, Laua-viin,
Rock A. le Coq, Rock A. le Coq."
minun_juomani_kossu_on,":,: Minun juomani kossu on,
vaikk' on viljaviinaa. :,:
:,: Hei luulia illalla, vaikk' on viljaviinaa. :,:

:,: Silmät siit' saan punaiset, 
sekä kieronlaiset. :,:
:,: Hei luulia illalla, sekä kieronlaiset. :,:

:,: Mull' on räkä poskella, 
sekä turpa täynnä. :,:
:,: Hei luulia illalla, sekä turpa täynnä. :,:

:,: Kun minä menen kapakkaan, 
niin portsaritkin nauraa. :,:
:,: Hei luulia illalla, portsaritkin nauraa. :,:"
pienet_konjakit,":,: Pienet konjakit, pienet konjakit,
ne lystikkäitä on :,:
:,: Ei korvia, ei korvia,
ei häntää laisinkaan. :,:"
ei_tippa_tapa,"Kaikki alkoi siitä kun mä opintolainan sain,
sitten juhlan kunniaksi täyden lastin hain.
Eikä siinä turhaan liioin kainosteltu lain,
pullo kieris ringissä ja irvisteltiin vain.

;.; Ei tippa tapa ja ämpäri ei riitä,
kun on alkuun päästy niin antaa mennä vaan. ;.;

Elämä on tylsää jos ei aina juhli näin.
No kukas sitä joskus jaksaa olla selvin päin.
Antaa mennä samaan tahtiin vuosi peräkkäin.
Kaikki murheet huuhdotaan me sisältämme näin.

;.; Ei tippa tapa... ;.;

Kaikkihan me täällä ollaan pieni hetki vaan.
On aivan turhaa mammonaa näin koota päälle maan.
Joku Irwin kuitenkin ne ryyppää aikanaan.
Juodaan kaikki nyt ja juokoot toiset omiaan.

;.; Ei tippa tapa... ;.;"
urhometso,"Katto kallellaan siinä Domman alla,
seisoo vielä klurre paikallaan.
Kampin ostoskeskuksen ohi kuljen tiedän sen,
kohta tullut oon klusterille. 
Hei ryyppyfrendi tuo mulle kolpakko,
yhtä kylmä niinkuin aina ennenkin.
Mul on kova jano taas ja laiha lompakko,
en turhaan tullut oo klusterille.

Hietaniemellä, suomenkielellä
Urho huutaa lailla perkeleen,
ja kun fuksit vetää viinaa,
se aamullakin piinaa,
kaljaa koneeseen ja klusterille.

No klusterilla Liisaa
me katsellaan kun viinaa
juodaan ja me tullaan humalaan.
Klusteril on ovi,
kuin kuninkaitten hovi,
Aallon edessä on pakko kumartaa.
 
 On Alinassa ilta ja kohta klusterilta
 meitä tullaan pois jo hakemaan.
 AEE:ltä loppu sieto,
 ei meitä käyttökielto
 saa jumalauta hiljaa juhlimaan.
 
 Hietaniemellä, suomenkielellä
 Urho huutaa lailla perkeleen,
 ja kun fuksit vetää viinaa,
 se aamullakin piinaa,
 kaljaa koneeseen ja klusterille.
Miika laittaa soimaan vielä yhden laulun
ja ottaa sitten kylmän oluen.
Se laulu kertoo meistä,
onnen perkeleistä,
 jotka yhden tähden alla asustaa.
 
 On Alinassa ilta ja kohta ...."
aqua_vera,"Lauletaanpas vedestä,
jota aina riittää.
Vaikka kuinka joisit sä,
ei se lopu siitä.

Pikku Aqun jano on,
niin myös Paulin, Anteron.
AH, kun sentään hyvältä
paljas vesi maistuu.

:,: Och vatten och vatten
och vatten är så gott,
så rysligt, fasligt, billigt,
så hälsosamt och vått. :,:
1, 2, 3, VATTEN!

Entäs sitten aamulla
on olo mitä parhain.
Kannat vettä saavilla,
sängyn viereen varhain.

Aamuyöllä vessassa
tuumit sormi kurkussa
AH, kun sentään hyvältä
paljas vesi maistuu.

:,: Och vatten och vatten... :,:
1, 2, 3, 4!"
tietoliikennelaulu,"Valppain mielin muista sä aina
vaaroja tietoliikenteen.
Internet on hakkereita täynnä
ilkeine aikeineen.
Rakkauskirje ei aina ole aito, se
viruksen voi sisältää.
Vältä vaaraa uhmailemasta,
koneesi suojaa vaan.

Muista aina, tietoliikenteessä
monta vaaraa ompi eessä.
Siksi valpas aina mieli,
se on turva verraton.

Virussoftaa muista sä käyttää
netissä kun surffailet.
Kaikki säädöt kohdalleen laita,
laita ne tarkalleen.
Palomuurit auttavat aina
turvassa surffaamaan.
Vältä aina downloadaamasta,
sääntöjä seuraa vaan.

Muista aina...

Kovalevyn juuri on suuri,
joskus se eksyttää.
Ällös pelkää, apu on juuri
sun tukihenkilös tää.
Hän voipi vaikka neuvoa taikka
muutenkin auttaa niin.
Siinä missä on paha paikka,
turvaudu nörtteihin.

Muista aina..."
pienet_käärmeet,"On pieniä käärmeitä,
helvetin pieniä käärmeitä.
Sitten kun ne pannaan yhteen pussiin,
siellä ne saavat rauhassa...
ja taas on pieniä käärmeitä.

Kobra vanha, valkoinen
pystyyn nousee huojuen -
ja taas on pieniä käärmeitä.

On pieniä fukseja,
helvetin pieniä fukseja.
Sitten kun ne pannaan Kumpulan bussiin,
siellä ne saavat rauhassa...
ja taas on pieniä fukseja.

Tutor vanha, känninen
Portsuun nousee huojuen -
ja taas on pieniä fukseja.

On pieniä bittejä,
helvetin pieniä bittejä.
Sitten kun ne pannaan local bussiin,
siellä ne saavat rauhassa...
ja taas on pieniä bittejä.

Melkki vanha, tahmainen
pystyyn nousee huojuen -
ja taas on pieniä bittejä."